Brand,Category,Size,Item Name,Price,Imagekit Url
Bikano ,Namkeen ,200g,Karare Peanuts ,60,https://ik.imagekit.io/foodclub/Grocery/Products/More/Bikano/Karare_Peanut_200g-1.webp?updatedAt=1762610639296
Bikano ,Namkeen ,200g,Chana Pataka ,60,https://ik.imagekit.io/foodclub/Grocery/Products/More/Bikano/Chana%20Pataka%20.webp?updatedAt=1762610639711
Bikano ,Namkeen ,225g,Aloo Bhujia ,60,https://ik.imagekit.io/foodclub/Grocery/Products/More/Bikano/Aloo%20Bhujia%20.webp?updatedAt=1762610640486
Bikano ,Namkeen ,200g,Bhelpuri Mixture ,60,https://ik.imagekit.io/foodclub/Grocery/Products/More/Bikano/Bhelpuri%20Mixture%20.webp?updatedAt=1762610639288
Bikano ,Namkeen ,225g,Tasty Peanuts ,60,https://ik.imagekit.io/foodclub/Grocery/Products/More/Bikano/Tasty%20Peanuts%20.webp?updatedAt=1762610639544
Bikano ,Namkeen ,200g,Matar Masala ,60,https://ik.imagekit.io/foodclub/Grocery/Products/More/Bikano/Matar%20Masala%20%20.webp?updatedAt=1762610723330
Bikano ,Namkeen ,200g,All In One ,60,https://ik.imagekit.io/foodclub/Grocery/Products/More/Bikano/All%20In%20One%20.jpeg?updatedAt=1762610639028
Bikano ,Namkeen ,250g,Natkhat Nimbu ,60,https://ik.imagekit.io/foodclub/Grocery/Products/More/Bikano/Natkhat%20Nimbu%20.webp?updatedAt=1762610640514
Bikano ,Namkeen ,250g,Khatta Meetha ,60,https://ik.imagekit.io/foodclub/Grocery/Products/More/Bikano/Khatta%20Meetha%20.webp?updatedAt=1762610641131
Bikano ,Namkeen ,200g,Chana Masala ,60,https://ik.imagekit.io/foodclub/Grocery/Products/More/Bikano/Chana%20Masala.webp?updatedAt=1762610640734
Bikano ,Namkeen ,150g,Aloo Lachha ,55,https://ik.imagekit.io/foodclub/Grocery/Products/More/Bikano/Aloo%20Lachha%20.webp?updatedAt=1762610639601
Bikano ,Namkeen ,250g,All Time Mixture ,70,https://ik.imagekit.io/foodclub/Grocery/Products/More/Bikano/All%20Time%20Mixture%20.avif?updatedAt=1762610639526
Bikano ,Namkeen ,140g,Falahari Mixture ,50,https://ik.imagekit.io/foodclub/Grocery/Products/More/Bikano/Falahari%20Mixture%20.webp?updatedAt=1762610640514
Bikano ,Namkeen ,250g,Lajawab Mixture ,70,https://ik.imagekit.io/foodclub/Grocery/Products/More/Bikano/Lajawab%20Mixture%20.jpeg?updatedAt=1762610639710
Bikano ,Chips ,120g,Wafers ,55,https://ik.imagekit.io/foodclub/Grocery/Products/More/Bikano/Wafers%20.webp?updatedAt=1762610639542
Balaji ,Namkeen ,250g,Sev Murmura,50,https://ik.imagekit.io/foodclub/Grocery/Products/More/Bikano/Balaji/Sev%20Murmura.webp?updatedAt=1762610640574
Balaji ,Namkeen ,210g,Bhujia Sev,50,https://ik.imagekit.io/foodclub/Grocery/Products/More/Bikano/Balaji/Bhujia%20Sev.avif?updatedAt=1762610640746
Balaji ,Namkeen ,240g,Navratan Mix,50,https://ik.imagekit.io/foodclub/Grocery/Products/More/Bikano/Balaji/Navratan%20Mix.avif?updatedAt=1762610640530
Balaji ,Namkeen ,210g,Shing Bhujia ,50,https://ik.imagekit.io/foodclub/Grocery/Products/More/Bikano/Balaji/Shing%20Bhujia%20.webp?updatedAt=1762610640542
Balaji ,Namkeen ,240g, Khatta Meetha Mix,50,https://ik.imagekit.io/foodclub/Grocery/Products/More/Bikano/Balaji/%20Khatta%20Meetha%20Mix.webp?updatedAt=1762610640564
Balaji ,Namkeen ,240g,Tikha Mitha Mix ,50,https://ik.imagekit.io/foodclub/Grocery/Products/More/Bikano/Balaji/Tikha%20Mitha%20Mix%20.webp?updatedAt=1762610641181
Balaji ,Namkeen ,240g,Chana Jor Garam ,50,https://ik.imagekit.io/foodclub/Grocery/Products/More/Bikano/Balaji/Chana%20Jor%20Garam%20.webp?updatedAt=1762610640572
Bikaji,Namkeen ,200g,Bikaneri Bhujia ,58,https://ik.imagekit.io/foodclub/Grocery/Products/More/Bikano/Balaji/Bikaji/Aloo%20Bhujia%20.webp?updatedAt=1762610641110
Bikaji,Namkeen ,200g,Tana-tan Aloo Bhujia ,62,https://ik.imagekit.io/foodclub/Grocery/Products/More/Bikano/Balaji/Bikaji/Tana-tan%20Aloo%20Bhujia%20.png?updatedAt=1762610641001
Bikaji,Namkeen ,200g,All In One Kuch-Kuch ,58,https://ik.imagekit.io/foodclub/Grocery/Products/More/Bikano/Balaji/Bikaji/All%20In%20One%20Kuch-Kuch%20.webp?updatedAt=1762610641470
Bikaji,Namkeen ,200g,Falahari Mixture ,80,https://ik.imagekit.io/foodclub/Grocery/Products/More/Bikano/Balaji/Bikaji/Falahari%20Mixture%20.webp?updatedAt=1762610641142
Bikaji,Namkeen ,110g,Chowpati Bhelpuri ,49,https://ik.imagekit.io/foodclub/Grocery/Products/More/Bikano/Balaji/Bikaji/Chowpati%20Bhelpuri%20.webp?updatedAt=1762610640532
,,,,,
Buldak,Noodles ,140g,3x Spicy Hot Chicken Flavor Ramen ,140,https://ik.imagekit.io/foodclub/Grocery/Products/More/Buldak/3x%20Spicy%20Hot%20Chicken%20Flavor%20Ramen%20.jpeg?updatedAt=1762610959649
Buldak,Noodles ,140g,Hot Chicken Flavor Ramen ,140,https://ik.imagekit.io/foodclub/Grocery/Products/More/Buldak/Hot%20Chicken%20Flavor%20Ramen%20.webp?updatedAt=1762610959776
Buldak,Noodles ,140g,Cheese Hot Chicken Flavor Ramen ,150,https://ik.imagekit.io/foodclub/Grocery/Products/More/Buldak/Cheese%20Hot%20Chicken%20Flavor%20Ramen%20.webp?updatedAt=1762610959690
Nongshim,Noodles ,136g,Shin Raymun Stir Fry  Cheese ,169,https://ik.imagekit.io/foodclub/Grocery/Products/More/Buldak/Shin%20Raymun%20Stir%20Fry%20%20Cheese%20.webp?updatedAt=1762610959824
Nongshim,Noodles ,120g,Shin Raymun Noodles Soup Chicken Flavor ,149,https://ik.imagekit.io/foodclub/Grocery/Products/More/Buldak/Shin%20Raymun%20Noodles%20Soup%20Chicken%20Flavor%20.jpg?updatedAt=1762610959692
Nongshim,Noodles ,123g,Shin Raymun TomYum Flavor ,159,https://ik.imagekit.io/foodclub/Grocery/Products/More/Buldak/Shin%20Raymun%20TomYum%20Flavor%20.webp?updatedAt=1762610959765
,,,,,
MOM,,140g,Biryani With Shahi Gravy,130,https://ik.imagekit.io/foodclub/Grocery/Products/More/MOM/Biryani%20With%20Shahi%20Gravy.webp?updatedAt=1762609567130
MOM,,145g,Fried Rice With Schezwan Gravy,130,https://ik.imagekit.io/foodclub/Grocery/Products/More/MOM/Fried%20Rice%20With%20Schezwan%20Gravy.webp?updatedAt=1762609567077
MOM,,74g,Creamy Tomato Pasta,85,https://ik.imagekit.io/foodclub/Grocery/Products/More/MOM/Creamy%20Tomato%20Pasta.webp?updatedAt=1762609567309
MOM,,120g,Super Berry Mix,249,https://ik.imagekit.io/foodclub/Grocery/Products/More/MOM/Super%20Berry%20Mix.webp?updatedAt=1762609567167
MOM,,70g,Ragi Chips Peri Peri,55,https://ik.imagekit.io/foodclub/Grocery/Products/More/MOM/Ragi%20Chips%20Peri%20Peri.avif?updatedAt=1762609566436
MOM,,140g,Super Seed Mix ,199,https://ik.imagekit.io/foodclub/Grocery/Products/More/MOM/Super%20Seed%20Mix%20.webp?updatedAt=1762609567119
MOM,,140g,Daily Sports Mix,,https://ik.imagekit.io/foodclub/Grocery/Products/More/MOM/Daily%20Sports%20Mix.webp?updatedAt=1762609567191
MOM,,60g,Roasted Makhana Himalyan Salt & Pepper,150,https://ik.imagekit.io/foodclub/Grocery/Products/More/MOM/Roasted%20Makhana%20Himalyan%20Salt%20&%20Pepper.webp?updatedAt=1762609566962
MOM,,40g,Roasted Makhana Himalyan Pudina,99,https://ik.imagekit.io/foodclub/Grocery/Products/More/MOM/Roasted%20Makhana%20Himalyan%20Pudina.webp?updatedAt=1762609567023
MOM,,140g,Daily Health Mix,199,https://ik.imagekit.io/foodclub/Grocery/Products/More/MOM/Daily%20Health%20Mix.webp?updatedAt=1762609567127
,,,,,
Kellogs,,400g,Muesli 0% Added Sugar ,390,https://ik.imagekit.io/foodclub/Grocery/Products/More/Muesli%200_%20Added%20Sugar%20.jpg?updatedAt=1762609566982
,,,,,
Max Protein,,500g,Granola Fruits & Nuts,399,https://ik.imagekit.io/foodclub/Grocery/Products/More/Granola%20Fruits%20&%20Nuts.webp?updatedAt=1762609567327
Max Protein,,55g,Oats & Raisins Cookie,50,https://ik.imagekit.io/foodclub/Grocery/Products/More/Oats%20&%20Raisins%20Cookie.avif?updatedAt=1762609567112
Max Protein,,60g,Choco Almond Cookie,60,https://ik.imagekit.io/foodclub/Grocery/Products/More/Choco%20Almond%20Cookie.webp?updatedAt=1762609567025
Max Protein,,55g,Trail Mix Cookie,50,https://ik.imagekit.io/foodclub/Grocery/Products/More/Trail%20Mix%20Cookie.jpeg?updatedAt=1762609566197
Max Protein,,75g,Date & Almond Bar,140,https://ik.imagekit.io/foodclub/Grocery/Products/More/Date%20&%20Almond%20Bar.avif?updatedAt=1762609566535
Max Protein,,70g,Peanut Butter Bar,140,https://ik.imagekit.io/foodclub/Grocery/Products/More/Peanut%20Butter%20Bar.webp?updatedAt=1762609566914
Max Protein,,50g,Choco Berry Bar,80,https://ik.imagekit.io/foodclub/Grocery/Products/More/Choco%20Berry%20Bar.webp?updatedAt=1762609566873
Max Protein,,50g,Choco Almond Bar,80,https://ik.imagekit.io/foodclub/Grocery/Products/More/Choco%20Almond%20Bar.webp?updatedAt=1762609566926
Max Protein,,50g,Fruit & Nut Bar,80,https://ik.imagekit.io/foodclub/Grocery/Products/More/Fruit%20&%20Nut%20Bar.webp?updatedAt=1762609566960