Parle ,Biscuits,75g,Hide & Seek Milano Finest Vanilla Crème Filled,40,https://ik.imagekit.io/foodclub/Grocery/Products/Biscuits/Hide%20&%20Seek%20Milano%20Finest%20Vanilla%20Cre%CC%80me%20Filled.webp?updatedAt=1762605639680
Parle,Biscuits,60g,Hide & Seek Milano Finest Choco Chip Biscuits,40,https://ik.imagekit.io/foodclub/Grocery/Products/Biscuits/Hide%20&%20Seek%20Milano%20Finest%20Choco%20Filled.webp?updatedAt=1762605639239
Parle ,Biscuits,120g,Hide & Seek Choco Chip Cookeis,30,https://ik.imagekit.io/foodclub/Grocery/Products/Biscuits/Hide%20&%20Seek%20Choco%20Chip%20Cookeis.webp?updatedAt=1762605639766
Parle,Biscuits,120g,Hide & Seek Choco Chip & Cofee,30,https://ik.imagekit.io/foodclub/Grocery/Products/Biscuits/Hide%20&%20Seek%20Choco%20Chip%20&%20Cofee.webp?updatedAt=1762605638853
Parle,Biscuits,56.7g,KrackJack Orignal Sweet & Salty Crackers,10,https://ik.imagekit.io/foodclub/Grocery/Products/Biscuits/KrackJack%20Orignal%20Sweet%20&%20Salty%20Crackers.webp?updatedAt=1762605639753
Parle,Biscuits,75g,Hide & Seek Milano Finest Choco Filled,40,https://ik.imagekit.io/foodclub/Grocery/Products/Biscuits/Hide%20&%20Seek%20Milano%20Finest%20Choco%20Filled.webp?updatedAt=1762605639239
Parle,Biscuits,68.75g,Parle-G Gold Biscuits,10,https://ik.imagekit.io/foodclub/Grocery/Products/Biscuits/Parle-G%20Gold%20Biscuits.webp?updatedAt=1762605639713
Parle,Biscuits,90g,Parle-G Gluco,10,https://ik.imagekit.io/foodclub/Grocery/Products/Biscuits/Parle-G%20Gluco.avif?updatedAt=1762605639896
Parle,Biscuits,81.25g,Parle-G Oats & Berries,10,https://ik.imagekit.io/foodclub/Grocery/Products/Biscuits/Parle-G%20Oats%20&%20Berries.webp?updatedAt=1762605639714
Parle,Biscuits,75g,Choco Rolls,40,https://ik.imagekit.io/foodclub/Grocery/Products/Biscuits/Choco%20Rolls.avif?updatedAt=1762605639218
Parle,Biscuits,125g,Crème Sandwiches Chocolate,35,https://ik.imagekit.io/foodclub/Grocery/Products/Biscuits/Cre%CC%80me%20Sandwiches%20Chocolate.jpg?updatedAt=1762606251864
Parle,Biscuits,125g,Crème Sandwiches Orange,35,https://ik.imagekit.io/foodclub/Grocery/Products/Biscuits/Cre%CC%80me%20Sandwiches%20Orange.jpg?updatedAt=1762605638145
Parle,Biscuits,100g,Nutricrunch Sugar Free Lite Cracker,15,https://ik.imagekit.io/foodclub/Grocery/Products/Biscuits/Nutricrunch%20Sugar%20Free%20Lite%20Cracker.webp?updatedAt=1762605637808
Parle,Biscuits,120g,Fab Jam In,35,https://ik.imagekit.io/foodclub/Grocery/Products/Biscuits/Fab%20Jam%20In.webp?updatedAt=1762605638853
Parle,Biscuits,100g,Black Bourbon Choco Crème Sandwich,40,https://ik.imagekit.io/foodclub/Grocery/Products/Biscuits/Black%20Bourbon%20Choco%20Cre%CC%80me%20Sandwich.avif?updatedAt=1762605639295
,,,,,
Britannia,Biscuits,200g,Good Day Butter Cookies,36,https://ik.imagekit.io/foodclub/Grocery/Products/Biscuits/Good%20Day%20Butter%20Cookies.jpeg?updatedAt=1762605638272
Britannia,Biscuits,61.5g,50-50 Gol Maal,10,https://ik.imagekit.io/foodclub/Grocery/Products/Biscuits/50-50%20Gol%20Maal.webp?updatedAt=1762605638896
Britannia,Biscuits,200g,50-50 Classic Sweet & Salty,35,https://ik.imagekit.io/foodclub/Grocery/Products/Biscuits/50-50%20Classic%20Sweet%20&%20Salty.webp?updatedAt=1762605639731
Britannia,Biscuits,138g,Jim Jam,40,https://ik.imagekit.io/foodclub/Grocery/Products/Biscuits/Jim%20Jam.webp?updatedAt=1762605638872
Britannia,Biscuits,100g,Bourbon The Orignal,20,https://ik.imagekit.io/foodclub/Grocery/Products/Biscuits/Bourbon%20The%20Orignal.jpg?updatedAt=1762605638194
Britannia,Biscuits,100g,50-50 Maska Chaska,30,https://ik.imagekit.io/foodclub/Grocery/Products/Biscuits/50-50%20Maska%20Chaska.webp?updatedAt=1762605639342
Britannia,Biscuits,100g,Good Day Cashew Cookies,45,https://ik.imagekit.io/foodclub/Grocery/Products/Biscuits/Good%20Day%20Cashew%20Cookies.webp?updatedAt=1762605639258
Britannia,Biscuits,100g,Good Day Pista Badam Cookies,25,https://ik.imagekit.io/foodclub/Grocery/Products/Biscuits/Good%20Day%20Pista%20Badam%20Cookies.webp?updatedAt=1762605638425
Britannia,Biscuits,200g,Good Day Pista Badam Cookies,55,https://ik.imagekit.io/foodclub/Grocery/Products/Biscuits/Good%20Day%20Pista%20Badam%20Cookies.jpeg?updatedAt=1762605638144
Britannia,Biscuits,66g,Milk Bikis ,9,https://ik.imagekit.io/foodclub/Grocery/Products/Biscuits/Milk%20Bikis%20.avif?updatedAt=1762605639968
Britannia,Biscuits,90g,Good Day Fruit & Nut,20,https://ik.imagekit.io/foodclub/Grocery/Products/Biscuits/Good%20Day%20Fruit%20&%20Nut.webp?updatedAt=1762605638862
,,,,,
,,,,,
,,,,,
,,,,,
,,,,,
Mayora,Biscuits,144g,Malkist Cheese Flavoured ,50,https://ik.imagekit.io/foodclub/Grocery/Products/Biscuits/Malkist%20Cheese%20Flavoured%20.avif?updatedAt=1762605639307
Mayora,Biscuits,144g,Malkist Double Chocolatey,50,https://ik.imagekit.io/foodclub/Grocery/Products/Biscuits/Malkist%20Double%20Chocolatey.avif?updatedAt=1762605639239
Mayora,Biscuits,144g,Malkist Cappuccino Flavoured,50,https://ik.imagekit.io/foodclub/Grocery/Products/Biscuits/Malkist%20Cappuccino%20Flavoured.webp?updatedAt=1762605639487
,Biscuits,110g,Malkist Sugar Crackers,40,https://ik.imagekit.io/foodclub/Grocery/Products/Biscuits/Donut%20Cake%20Choco%20Vanilla%20Cake.jpg?updatedAt=1762605639889
,,,,,
,,,,,
,,,,,
,,,,,
Britannia,Cakes,55g,Cake Gobbles Choco Chill Veg,25,https://ik.imagekit.io/foodclub/Grocery/Products/Biscuits/Cake%20Gobbles%20Fruity%20Fun%20Veg.webp?updatedAt=1762605638312
Britannia,Cakes,100g,Cake Gobbles Choco Chill Non Veg,27,https://ik.imagekit.io/foodclub/Grocery/Products/Biscuits/Cake%20Gobbles%20Choco%20Chill%20Non%20Veg.png?updatedAt=1762605638772
Britannia,Cakes,55g,Cake Gobbles Fruity Fun Veg,25,https://ik.imagekit.io/foodclub/Grocery/Products/Biscuits/Cake%20Gobbles%20Choco%20Chill%20Veg.webp?updatedAt=1762605638207
Britannia,Cakes,100g,Cake Gobbles Fruity Fun Non Veg,30,https://ik.imagekit.io/foodclub/Grocery/Products/Biscuits/Cake%20Gobbles%20Fruity%20Fun%20Non%20Veg.webp?updatedAt=1762605639246
,,,,,
Cadbury,Biscuits,125.25g,Oreo Orignal,45,https://ik.imagekit.io/foodclub/Grocery/Products/Biscuits/Oreo%20Orignal.webp?updatedAt=1762605639233
Cadbury,Biscuits,108.55g,Oreo Choco Crème,30,https://ik.imagekit.io/foodclub/Grocery/Products/Biscuits/Oreo%20Choco%20Cre%CC%80me.webp?updatedAt=1762605639269
,,,,,
,,,,,
Yippee,Noodles Packet,72.6g,Magic Masala,15,https://ik.imagekit.io/foodclub/Grocery/Products/Biscuits/Magic%20Masala%20.webp?updatedAt=1762605639251